Id,Username,PasswordHash,Email,FirstName,LastName,Location,Photo,About,CreatedAt,LastActive,Status
1,user1,password,user1@example.com,User1,Lastname,Somewhere,photo.jpg,About user 1,2024-04-30 10:15:00,2024-04-30 20:30:00,Public
2,user2,password,user2@example.com,User2,Lastname,Somewhere,photo.jpg,About user 2,2024-04-29 9:20:00,2024-04-30 21:45:00,Public
3,user3,password,user3@example.com,User3,Lastname,Somewhere,photo.jpg,About user 3,2024-04-28 8:25:00,2024-04-30 22:00:00,Public
4,user4,password,user4@example.com,User4,Lastname,Somewhere,photo.jpg,About user 4,2024-04-27 7:30:00,2024-04-30 23:15:00,Public
5,user5,password,user5@example.com,User5,Lastname,Somewhere,photo.jpg,About user 5,2024-04-26 6:35:00,2024-04-30 0:30:00,Public
6,user6,password,user6@example.com,User6,Lastname,Somewhere,photo.jpg,About user 6,2024-04-25 5:40:00,2024-04-30 1:45:00,Public
7,user7,password,user7@example.com,User7,Lastname,Somewhere,photo.jpg,About user 7,2024-04-24 4:45:00,2024-04-30 3:00:00,Private
8,user8,password,user8@example.com,User8,Lastname,Somewhere,photo.jpg,About user 8,2024-04-23 3:50:00,2024-04-30 4:15:00,Public
9,user9,password,user9@example.com,User9,Lastname,Somewhere,photo.jpg,About user 9,2024-04-22 2:55:00,2024-04-30 5:30:00,Public
10,user10,password,user10@example.com,User10,Lastname,Somewhere,photo.jpg,About user 10,2024-04-21 1:00:00,2024-04-30 6:45:00,Public